experiment,window,accuracy_mean,accuracy_ci_lo,accuracy_ci_hi,cosine_drift_mean,max_jsd_mean,alert_rate
Covariate,1,0.8473546273546273,0.843666662234034,0.8510425924752206,0.00039928674697875977,0.0031828291344023056,0.0
Covariate,2,0.8495495495495498,0.8463512863734481,0.8527478127256514,0.00043334722518920896,0.0031165947068190693,0.0
Covariate,3,0.843963963963964,0.8413734285117291,0.8465544994161989,0.00032042264938354493,0.0032434778953802984,0.08
Covariate,4,0.8538574938574938,0.851248257373812,0.8564667303411755,0.00043140411376953126,0.00310604901217903,0.36
Covariate,5,0.8506306306306307,0.847703584689734,0.8535576765715275,0.0003181171417236328,0.0030547235516260886,0.4
Covariate,6,0.8494348894348894,0.8462719154830427,0.8525978633867362,0.0003754806518554688,0.0032194225147733966,0.56
Covariate,7,0.8509090909090908,0.847764538452021,0.8540536433661606,0.00036402702331542967,0.003338165367853446,0.52
Covariate,8,0.8496314496314497,0.8467537407958121,0.8525091584670872,0.0003901052474975586,0.003159531063754705,0.56
Covariate,9,0.8480589680589681,0.8452097470695032,0.8509081890484329,0.0004350805282592773,0.003261246095677077,0.64
Covariate,10,0.8404914004914005,0.8374102584858992,0.8435725424969017,0.000921323299407959,0.0635909075540952,1.0
Covariate,11,0.8380999180999181,0.8349361312493159,0.8412637049505204,0.00099931001663208,0.06456498189934994,1.0
Covariate,12,0.8394430794430794,0.8358994456852948,0.8429867132008639,0.0009774208068847657,0.06354430785201542,1.0
Covariate,13,0.8400491400491401,0.836962639652606,0.8431356404456742,0.0011188697814941407,0.0636774507235896,1.0
Covariate,14,0.8395413595413594,0.8361823537514008,0.8429003653313181,0.0009305310249328613,0.06453742343098566,1.0
Covariate,15,0.8301719901719901,0.8265317089511238,0.8338122713928563,0.003541245460510254,0.1085532613154442,1.0
Covariate,16,0.8286977886977889,0.823893272115709,0.8335023052798688,0.0035625672340393066,0.10802202038096921,1.0
Covariate,17,0.8297461097461096,0.8246595692408212,0.8348326502513981,0.003356947898864746,0.10648657484980298,1.0
Covariate,18,0.8306961506961507,0.8266325801943372,0.8347597211979642,0.0035039210319519043,0.10799430168067065,1.0
Covariate,19,0.8326186579378069,0.8286884665510628,0.836548849324551,0.0034781575202941896,0.10806622522052291,1.0
Concept (pooled),1,0.8473546273546273,0.843666662234034,0.8510425924752206,0.00039928674697875977,0.0031828291344023056,0.0
Concept (pooled),2,0.8495495495495498,0.8463512863734481,0.8527478127256514,0.00043334722518920896,0.0031165947068190693,0.0
Concept (pooled),3,0.843963963963964,0.8413734285117291,0.8465544994161989,0.00032042264938354493,0.0032434778953802984,0.08
Concept (pooled),4,0.8538574938574938,0.851248257373812,0.8564667303411755,0.00043140411376953126,0.00310604901217903,0.36
Concept (pooled),5,0.8506306306306307,0.847703584689734,0.8535576765715275,0.0003181171417236328,0.0030547235516260886,0.4
Concept (pooled),6,0.839148239148239,0.8361217218913184,0.8421747564051596,0.0003754806518554688,0.0032194225147733966,0.56
Concept (pooled),7,0.8315806715806715,0.828036836253676,0.835124506907667,0.00036402702331542967,0.003338165367853446,0.52
Concept (pooled),8,0.8226863226863229,0.8203375278779285,0.8250351174947174,0.0003901052474975586,0.003159531063754705,0.56
Concept (pooled),9,0.8112530712530712,0.8081673732503665,0.814338769255776,0.0004350805282592773,0.003261246095677077,0.64
Concept (pooled),10,0.8052907452907454,0.8021991884405727,0.8083823021409181,0.00043012619018554686,0.003429193200896849,0.72
Concept (pooled),11,0.7925634725634724,0.7891662644293594,0.7959606806975853,0.00048404455184936524,0.0031692498134827936,0.68
Concept (pooled),12,0.7841277641277642,0.7803709090981624,0.787884619157366,0.0003230428695678711,0.00327320853364804,0.44
Concept (pooled),13,0.7768386568386567,0.772635849068611,0.7810414646087024,0.00046858310699462893,0.003213704791590933,0.56
Concept (pooled),14,0.764848484848485,0.7611047720870088,0.7685921976099612,0.00039309024810791016,0.0031802815476747004,0.48
Concept (pooled),15,0.7584766584766587,0.7552215754769527,0.7617317414763647,0.00033544301986694337,0.003159668305354904,0.48
Concept (pooled),16,0.7483538083538083,0.7443453861433139,0.7523622305643026,0.00042583942413330076,0.003076960775949721,0.44
Concept (pooled),17,0.737985257985258,0.7341366737900754,0.7418338421804407,0.0003394865989685059,0.003308144574393944,0.44
Concept (pooled),18,0.7346928746928748,0.7292971758662782,0.7400885735194714,0.0004004192352294922,0.003210028760489546,0.56
Concept (pooled),19,0.7264157119476269,0.7218615732747049,0.7309698506205489,0.0003560948371887207,0.003232988919172034,0.6
Concept (class-cond),1,0.8473546273546273,0.843666662234034,0.8510425924752206,0.00039928674697875977,0.0031828291344023056,0.0
Concept (class-cond),2,0.8495495495495498,0.8463512863734481,0.8527478127256514,0.00043334722518920896,0.0031165947068190693,0.0
Concept (class-cond),3,0.843963963963964,0.8413734285117291,0.8465544994161989,0.00032042264938354493,0.0032434778953802984,0.16
Concept (class-cond),4,0.8538574938574938,0.851248257373812,0.8564667303411755,0.00043140411376953126,0.00310604901217903,0.48
Concept (class-cond),5,0.8506306306306307,0.847703584689734,0.8535576765715275,0.0003181171417236328,0.0030547235516260886,0.72
Concept (class-cond),6,0.839148239148239,0.8361217218913184,0.8421747564051596,0.0003754806518554688,0.0032194225147733966,0.88
Concept (class-cond),7,0.8315806715806715,0.828036836253676,0.835124506907667,0.00036402702331542967,0.003338165367853446,0.92
Concept (class-cond),8,0.8226863226863229,0.8203375278779285,0.8250351174947174,0.0003901052474975586,0.003159531063754705,0.92
Concept (class-cond),9,0.8112530712530712,0.8081673732503665,0.814338769255776,0.0004350805282592773,0.003261246095677077,1.0
Concept (class-cond),10,0.8052907452907454,0.8021991884405727,0.8083823021409181,0.00043012619018554686,0.003429193200896849,1.0
Concept (class-cond),11,0.7925634725634724,0.7891662644293594,0.7959606806975853,0.00048404455184936524,0.0031692498134827936,1.0
Concept (class-cond),12,0.7841277641277642,0.7803709090981624,0.787884619157366,0.0003230428695678711,0.00327320853364804,0.92
Concept (class-cond),13,0.7768386568386567,0.772635849068611,0.7810414646087024,0.00046858310699462893,0.003213704791590933,0.92
Concept (class-cond),14,0.764848484848485,0.7611047720870088,0.7685921976099612,0.00039309024810791016,0.0031802815476747004,0.84
Concept (class-cond),15,0.7584766584766587,0.7552215754769527,0.7617317414763647,0.00033544301986694337,0.003159668305354904,0.92
Concept (class-cond),16,0.7483538083538083,0.7443453861433139,0.7523622305643026,0.00042583942413330076,0.003076960775949721,0.88
Concept (class-cond),17,0.737985257985258,0.7341366737900754,0.7418338421804407,0.0003394865989685059,0.003308144574393944,0.92
Concept (class-cond),18,0.7346928746928748,0.7292971758662782,0.7400885735194714,0.0004004192352294922,0.003210028760489546,0.96
Concept (class-cond),19,0.7264157119476269,0.7218615732747049,0.7309698506205489,0.0003560948371887207,0.003232988919172034,0.92
Rotation (pooled),1,0.8473546273546273,0.843666662234034,0.8510425924752206,0.00039928674697875977,0.0031828291344023056,0.0
Rotation (pooled),2,0.8495495495495498,0.8463512863734481,0.8527478127256514,0.00043334722518920896,0.0031165947068190693,0.0
Rotation (pooled),3,0.843963963963964,0.8413734285117291,0.8465544994161989,0.00032042264938354493,0.0032434778953802984,0.08
Rotation (pooled),4,0.8538574938574938,0.851248257373812,0.8564667303411755,0.00043140411376953126,0.00310604901217903,0.36
Rotation (pooled),5,0.8506306306306307,0.847703584689734,0.8535576765715275,0.0003181171417236328,0.0030547235516260886,0.4
Rotation (pooled),6,0.8308763308763305,0.8277732890119209,0.8339793727407401,0.0003754806518554688,0.0032194225147733966,0.56
Rotation (pooled),7,0.8145454545454547,0.811523535234203,0.8175673738567064,0.00036402702331542967,0.003338165367853446,0.52
Rotation (pooled),8,0.7959705159705162,0.7933295518282005,0.7986114801128318,0.0003901052474975586,0.003159531063754705,0.56
Rotation (pooled),9,0.7763800163800165,0.7736210402333848,0.7791389925266482,0.0004350805282592773,0.003261246095677077,0.64
Rotation (pooled),10,0.7571498771498771,0.7536070632250328,0.7606926910747215,0.00043012619018554686,0.003429193200896849,0.72
Rotation (pooled),11,0.7394758394758394,0.7361004566801411,0.7428512222715377,0.00048404455184936524,0.0031692498134827936,0.68
Rotation (pooled),12,0.7244717444717444,0.7217454280947231,0.7271980608487658,0.0003230428695678711,0.00327320853364804,0.44
Rotation (pooled),13,0.7045700245700246,0.7004892053198778,0.7086508438201714,0.00046858310699462893,0.003213704791590933,0.56
Rotation (pooled),14,0.6837018837018838,0.6799316417029807,0.6874721257007869,0.00039309024810791016,0.0031802815476747004,0.48
Rotation (pooled),15,0.6682391482391483,0.6650988540771396,0.671379442401157,0.00033544301986694337,0.003159668305354904,0.48
Rotation (pooled),16,0.6385913185913186,0.6334552133911416,0.6437274237914955,0.00042583942413330076,0.003076960775949721,0.44
Rotation (pooled),17,0.6138083538083536,0.6075524180245055,0.6200642895922017,0.0003394865989685059,0.003308144574393944,0.44
Rotation (pooled),18,0.5947911547911547,0.5895087757385097,0.6000735338437998,0.0004004192352294922,0.003210028760489546,0.56
Rotation (pooled),19,0.7264157119476269,0.7218615732747049,0.7309698506205489,0.0003560948371887207,0.003232988919172034,0.6
Rotation (class-cond),1,0.8473546273546273,0.843666662234034,0.8510425924752206,0.00039928674697875977,0.0031828291344023056,0.0
Rotation (class-cond),2,0.8495495495495498,0.8463512863734481,0.8527478127256514,0.00043334722518920896,0.0031165947068190693,0.0
Rotation (class-cond),3,0.843963963963964,0.8413734285117291,0.8465544994161989,0.00032042264938354493,0.0032434778953802984,0.16
Rotation (class-cond),4,0.8538574938574938,0.851248257373812,0.8564667303411755,0.00043140411376953126,0.00310604901217903,0.48
Rotation (class-cond),5,0.8506306306306307,0.847703584689734,0.8535576765715275,0.0003181171417236328,0.0030547235516260886,0.72
Rotation (class-cond),6,0.8308763308763305,0.8277732890119209,0.8339793727407401,0.0003754806518554688,0.0032194225147733966,0.88
Rotation (class-cond),7,0.8145454545454547,0.811523535234203,0.8175673738567064,0.00036402702331542967,0.003338165367853446,0.92
Rotation (class-cond),8,0.7959705159705162,0.7933295518282005,0.7986114801128318,0.0003901052474975586,0.003159531063754705,0.92
Rotation (class-cond),9,0.7763800163800165,0.7736210402333848,0.7791389925266482,0.0004350805282592773,0.003261246095677077,1.0
Rotation (class-cond),10,0.7571498771498771,0.7536070632250328,0.7606926910747215,0.00043012619018554686,0.003429193200896849,1.0
Rotation (class-cond),11,0.7394758394758394,0.7361004566801411,0.7428512222715377,0.00048404455184936524,0.0031692498134827936,1.0
Rotation (class-cond),12,0.7244717444717444,0.7217454280947231,0.7271980608487658,0.0003230428695678711,0.00327320853364804,0.92
Rotation (class-cond),13,0.7045700245700246,0.7004892053198778,0.7086508438201714,0.00046858310699462893,0.003213704791590933,0.92
Rotation (class-cond),14,0.6837018837018838,0.6799316417029807,0.6874721257007869,0.00039309024810791016,0.0031802815476747004,0.84
Rotation (class-cond),15,0.6682391482391483,0.6650988540771396,0.671379442401157,0.00033544301986694337,0.003159668305354904,0.92
Rotation (class-cond),16,0.6385913185913186,0.6334552133911416,0.6437274237914955,0.00042583942413330076,0.003076960775949721,0.88
Rotation (class-cond),17,0.6138083538083536,0.6075524180245055,0.6200642895922017,0.0003394865989685059,0.003308144574393944,0.92
Rotation (class-cond),18,0.5947911547911547,0.5895087757385097,0.6000735338437998,0.0004004192352294922,0.003210028760489546,0.96
Rotation (class-cond),19,0.7264157119476269,0.7218615732747049,0.7309698506205489,0.0003560948371887207,0.003232988919172034,0.92
Conditional (pooled),1,0.8473546273546273,0.843666662234034,0.8510425924752206,0.00039928674697875977,0.0031828291344023056,0.0
Conditional (pooled),2,0.8495495495495498,0.8463512863734481,0.8527478127256514,0.00043334722518920896,0.0031165947068190693,0.0
Conditional (pooled),3,0.843963963963964,0.8413734285117291,0.8465544994161989,0.00032042264938354493,0.0032434778953802984,0.08
Conditional (pooled),4,0.8538574938574938,0.851248257373812,0.8564667303411755,0.00043140411376953126,0.00310604901217903,0.36
Conditional (pooled),5,0.8506306306306307,0.847703584689734,0.8535576765715275,0.0003181171417236328,0.0030547235516260886,0.4
Conditional (pooled),6,0.8453235053235053,0.842366418022753,0.8482805926242576,0.0003754806518554688,0.0032194225147733966,0.56
Conditional (pooled),7,0.843963963963964,0.8411310855274606,0.8467968424004674,0.00036402702331542967,0.003338165367853446,0.52
Conditional (pooled),8,0.8392792792792794,0.836535794515367,0.8420227640431918,0.0003901052474975586,0.003159531063754705,0.56
Conditional (pooled),9,0.8343161343161342,0.8313455986654469,0.8372866699668214,0.0004350805282592773,0.003261246095677077,0.64
Conditional (pooled),10,0.8332841932841933,0.8300936372624906,0.836474749305896,0.00043012619018554686,0.003429193200896849,0.72
Conditional (pooled),11,0.8265847665847665,0.8237008093634149,0.8294687238061181,0.00048404455184936524,0.0031692498134827936,0.68
Conditional (pooled),12,0.8229811629811629,0.8188589986122754,0.8271033273500503,0.0003230428695678711,0.00327320853364804,0.44
Conditional (pooled),13,0.8208353808353808,0.8179292176166064,0.8237415440541551,0.00046858310699462893,0.003213704791590933,0.56
Conditional (pooled),14,0.8149385749385751,0.811203891639364,0.8186732582377862,0.00039309024810791016,0.0031802815476747004,0.48
Conditional (pooled),15,0.8112039312039312,0.8084070019890639,0.8140008604187985,0.00033544301986694337,0.003159668305354904,0.48
Conditional (pooled),16,0.8048648648648651,0.8011743697796618,0.8085553599500683,0.00042583942413330076,0.003076960775949721,0.44
Conditional (pooled),17,0.7984602784602786,0.7947291798802236,0.8021913770403335,0.0003394865989685059,0.003308144574393944,0.44
Conditional (pooled),18,0.7932350532350532,0.7898040764562947,0.7966660300138116,0.0004004192352294922,0.003210028760489546,0.56
Conditional (pooled),19,0.7943207855973813,0.7890985108493118,0.7995430603454508,0.0003560948371887207,0.003232988919172034,0.6
Conditional (class-cond),1,0.8473546273546273,0.843666662234034,0.8510425924752206,0.00039928674697875977,0.0031828291344023056,0.0
Conditional (class-cond),2,0.8495495495495498,0.8463512863734481,0.8527478127256514,0.00043334722518920896,0.0031165947068190693,0.0
Conditional (class-cond),3,0.843963963963964,0.8413734285117291,0.8465544994161989,0.00032042264938354493,0.0032434778953802984,0.16
Conditional (class-cond),4,0.8538574938574938,0.851248257373812,0.8564667303411755,0.00043140411376953126,0.00310604901217903,0.48
Conditional (class-cond),5,0.8506306306306307,0.847703584689734,0.8535576765715275,0.0003181171417236328,0.0030547235516260886,0.72
Conditional (class-cond),6,0.8453235053235053,0.842366418022753,0.8482805926242576,0.0003754806518554688,0.0032194225147733966,0.88
Conditional (class-cond),7,0.843963963963964,0.8411310855274606,0.8467968424004674,0.00036402702331542967,0.003338165367853446,0.92
Conditional (class-cond),8,0.8392792792792794,0.836535794515367,0.8420227640431918,0.0003901052474975586,0.003159531063754705,0.92
Conditional (class-cond),9,0.8343161343161342,0.8313455986654469,0.8372866699668214,0.0004350805282592773,0.003261246095677077,1.0
Conditional (class-cond),10,0.8332841932841933,0.8300936372624906,0.836474749305896,0.00043012619018554686,0.003429193200896849,1.0
Conditional (class-cond),11,0.8265847665847665,0.8237008093634149,0.8294687238061181,0.00048404455184936524,0.0031692498134827936,1.0
Conditional (class-cond),12,0.8229811629811629,0.8188589986122754,0.8271033273500503,0.0003230428695678711,0.00327320853364804,0.92
Conditional (class-cond),13,0.8208353808353808,0.8179292176166064,0.8237415440541551,0.00046858310699462893,0.003213704791590933,0.92
Conditional (class-cond),14,0.8149385749385751,0.811203891639364,0.8186732582377862,0.00039309024810791016,0.0031802815476747004,0.84
Conditional (class-cond),15,0.8112039312039312,0.8084070019890639,0.8140008604187985,0.00033544301986694337,0.003159668305354904,0.92
Conditional (class-cond),16,0.8048648648648651,0.8011743697796618,0.8085553599500683,0.00042583942413330076,0.003076960775949721,0.88
Conditional (class-cond),17,0.7984602784602786,0.7947291798802236,0.8021913770403335,0.0003394865989685059,0.003308144574393944,0.92
Conditional (class-cond),18,0.7932350532350532,0.7898040764562947,0.7966660300138116,0.0004004192352294922,0.003210028760489546,0.96
Conditional (class-cond),19,0.7943207855973813,0.7890985108493118,0.7995430603454508,0.0003560948371887207,0.003232988919172034,0.92
Perturbation (pooled),1,0.8473546273546273,0.843666662234034,0.8510425924752206,0.00039928674697875977,0.0031828291344023056,0.0
Perturbation (pooled),2,0.8495495495495498,0.8463512863734481,0.8527478127256514,0.00043334722518920896,0.0031165947068190693,0.0
Perturbation (pooled),3,0.843963963963964,0.8413734285117291,0.8465544994161989,0.00032042264938354493,0.0032434778953802984,0.08
Perturbation (pooled),4,0.8538574938574938,0.851248257373812,0.8564667303411755,0.00043140411376953126,0.00310604901217903,0.36
Perturbation (pooled),5,0.8506306306306307,0.847703584689734,0.8535576765715275,0.0003181171417236328,0.0030547235516260886,0.4
Perturbation (pooled),6,0.8331203931203929,0.8302310744132372,0.8360097118275486,0.0003754806518554688,0.0032194225147733966,0.56
Perturbation (pooled),7,0.8170843570843571,0.8136597013374721,0.8205090128312421,0.00036402702331542967,0.003338165367853446,0.52
Perturbation (pooled),8,0.797166257166257,0.7949159737529357,0.7994165405795783,0.0003901052474975586,0.003159531063754705,0.56
Perturbation (pooled),9,0.7803112203112202,0.7775803488572338,0.7830420917652067,0.0004350805282592773,0.003261246095677077,0.64
Perturbation (pooled),10,0.7576904176904177,0.7541783026028142,0.7612025327780212,0.00043012619018554686,0.003429193200896849,0.72
Perturbation (pooled),11,0.7444717444717445,0.7415615367145171,0.7473819522289719,0.00048404455184936524,0.0031692498134827936,0.68
Perturbation (pooled),12,0.7333005733005733,0.7295606021274699,0.7370405444736767,0.0003230428695678711,0.00327320853364804,0.44
Perturbation (pooled),13,0.7176576576576578,0.7143690553036876,0.720946260011628,0.00046858310699462893,0.003213704791590933,0.56
Perturbation (pooled),14,0.694971334971335,0.6914943778945454,0.6984482920481246,0.00039309024810791016,0.0031802815476747004,0.48
Perturbation (pooled),15,0.6854873054873056,0.6817368571154572,0.6892377538591541,0.00033544301986694337,0.003159668305354904,0.48
Perturbation (pooled),16,0.6578050778050778,0.653285241895104,0.6623249137150516,0.00042583942413330076,0.003076960775949721,0.44
Perturbation (pooled),17,0.6530057330057331,0.6475535020070712,0.6584579640043949,0.0003394865989685059,0.003308144574393944,0.44
Perturbation (pooled),18,0.6211302211302211,0.6156314350703416,0.6266290071901006,0.0004004192352294922,0.003210028760489546,0.56
Perturbation (pooled),19,0.6156792144026187,0.6103230545894962,0.6210353742157413,0.0003560948371887207,0.003232988919172034,0.6
Perturbation (class-cond),1,0.8473546273546273,0.843666662234034,0.8510425924752206,0.00039928674697875977,0.0031828291344023056,0.0
Perturbation (class-cond),2,0.8495495495495498,0.8463512863734481,0.8527478127256514,0.00043334722518920896,0.0031165947068190693,0.0
Perturbation (class-cond),3,0.843963963963964,0.8413734285117291,0.8465544994161989,0.00032042264938354493,0.0032434778953802984,0.16
Perturbation (class-cond),4,0.8538574938574938,0.851248257373812,0.8564667303411755,0.00043140411376953126,0.00310604901217903,0.48
Perturbation (class-cond),5,0.8506306306306307,0.847703584689734,0.8535576765715275,0.0003181171417236328,0.0030547235516260886,0.72
Perturbation (class-cond),6,0.8331203931203929,0.8302310744132372,0.8360097118275486,0.0003754806518554688,0.0032194225147733966,0.88
Perturbation (class-cond),7,0.8170843570843571,0.8136597013374721,0.8205090128312421,0.00036402702331542967,0.003338165367853446,0.92
Perturbation (class-cond),8,0.797166257166257,0.7949159737529357,0.7994165405795783,0.0003901052474975586,0.003159531063754705,0.92
Perturbation (class-cond),9,0.7803112203112202,0.7775803488572338,0.7830420917652067,0.0004350805282592773,0.003261246095677077,1.0
Perturbation (class-cond),10,0.7576904176904177,0.7541783026028142,0.7612025327780212,0.00043012619018554686,0.003429193200896849,1.0
Perturbation (class-cond),11,0.7444717444717445,0.7415615367145171,0.7473819522289719,0.00048404455184936524,0.0031692498134827936,1.0
Perturbation (class-cond),12,0.7333005733005733,0.7295606021274699,0.7370405444736767,0.0003230428695678711,0.00327320853364804,0.92
Perturbation (class-cond),13,0.7176576576576578,0.7143690553036876,0.720946260011628,0.00046858310699462893,0.003213704791590933,0.92
Perturbation (class-cond),14,0.694971334971335,0.6914943778945454,0.6984482920481246,0.00039309024810791016,0.0031802815476747004,0.84
Perturbation (class-cond),15,0.6854873054873056,0.6817368571154572,0.6892377538591541,0.00033544301986694337,0.003159668305354904,0.92
Perturbation (class-cond),16,0.6578050778050778,0.653285241895104,0.6623249137150516,0.00042583942413330076,0.003076960775949721,0.88
Perturbation (class-cond),17,0.6530057330057331,0.6475535020070712,0.6584579640043949,0.0003394865989685059,0.003308144574393944,0.92
Perturbation (class-cond),18,0.6211302211302211,0.6156314350703416,0.6266290071901006,0.0004004192352294922,0.003210028760489546,0.96
Perturbation (class-cond),19,0.6156792144026187,0.6103230545894962,0.6210353742157413,0.0003560948371887207,0.003232988919172034,0.92
Mixed,1,0.8473546273546273,0.843666662234034,0.8510425924752206,0.00039928674697875977,0.0031828291344023056,0.0
Mixed,2,0.8495495495495498,0.8463512863734481,0.8527478127256514,0.00043334722518920896,0.0031165947068190693,0.0
Mixed,3,0.843963963963964,0.8413734285117291,0.8465544994161989,0.00032042264938354493,0.0032434778953802984,0.08
Mixed,4,0.8538574938574938,0.851248257373812,0.8564667303411755,0.00043140411376953126,0.00310604901217903,0.36
Mixed,5,0.8506306306306307,0.847703584689734,0.8535576765715275,0.0003181171417236328,0.0030547235516260886,0.4
Mixed,6,0.839148239148239,0.8361217218913184,0.8421747564051596,0.0003754806518554688,0.0032194225147733966,0.56
Mixed,7,0.8315806715806715,0.828036836253676,0.835124506907667,0.00036402702331542967,0.003338165367853446,0.52
Mixed,8,0.8226863226863229,0.8203375278779285,0.8250351174947174,0.0003901052474975586,0.003159531063754705,0.56
Mixed,9,0.8112530712530712,0.8081673732503665,0.814338769255776,0.0004350805282592773,0.003261246095677077,0.64
Mixed,10,0.7910401310401309,0.7880506112787602,0.7940296508015017,0.000921323299407959,0.0635909075540952,1.0
Mixed,11,0.7767239967239967,0.7723545880114183,0.7810934054365751,0.00099931001663208,0.06456498189934994,1.0
Mixed,12,0.7672891072891072,0.7632067013154976,0.7713715132627167,0.0009774208068847657,0.06354430785201542,1.0
Mixed,13,0.7591646191646191,0.7539829968144912,0.764346241514747,0.0011188697814941407,0.0636774507235896,1.0
Mixed,14,0.7463882063882065,0.7411908924326969,0.7515855203437161,0.0009305310249328613,0.06453742343098566,1.0
Mixed,15,0.7208190008190007,0.7151267545682647,0.7265112470697368,0.003541245460510254,0.1085532613154442,1.0
Mixed,16,0.7115806715806713,0.7044697517574197,0.7186915914039229,0.0035625672340393066,0.10802202038096921,1.0
Mixed,17,0.7011302211302213,0.6950353048515588,0.7072251374088837,0.003356947898864746,0.10648657484980298,1.0
Mixed,18,0.6943325143325144,0.6877102846597168,0.700954744005312,0.0035039210319519043,0.10799430168067065,1.0
Mixed,19,0.6868903436988544,0.6800228160288854,0.6937578713688234,0.0034781575202941896,0.10806622522052291,1.0
Natural (Electricity),1,0.7836291390728476,0.7821505378208206,0.7851077403248746,0.017959423065185547,0.38863856550548875,0.0
Natural (Electricity),2,0.6788697571743931,0.6769077330373819,0.6808317813114043,0.08515441656112671,0.385644849814509,0.0
Natural (Electricity),3,0.7239381898454745,0.7192152316300241,0.728661148060925,0.19001455307006837,0.4145072149551431,0.0
Natural (Electricity),4,0.5922472406181015,0.5850125880352036,0.5994818932009994,0.26862076759338377,0.4276280818045956,0.64
Natural (Electricity),5,0.5466843267108168,0.5389563122374688,0.5544123411841648,0.33524959802627563,0.43858177271360005,1.0
Natural (Electricity),6,0.7646622516556291,0.7605310330329009,0.7687934702783572,0.06933243751525879,0.37370555817332496,1.0
Natural (Electricity),7,0.6707108167770418,0.6654447490475424,0.6759768845065413,0.1513477849960327,0.3922843768246436,1.0
Natural (Electricity),8,0.7830110375275939,0.7814213072628199,0.784600767792368,0.002097640037536621,0.37709179679263904,1.0
Natural (Electricity),9,0.7847417218543045,0.7838441572912087,0.7856392864174002,0.006349318027496338,0.4186237970621648,1.0
Natural (Electricity),10,0.6712759381898455,0.6708022240101369,0.6717496523695542,0.012306277751922607,0.42452340592078874,1.0
Natural (Electricity),11,0.7720441501103753,0.7710716386821868,0.7730166615385639,0.0026763582229614256,0.38501186429294504,1.0
Natural (Electricity),12,0.6785518763796908,0.678050239765163,0.6790535129942187,0.012140536308288574,0.4219496183214245,1.0
Natural (Electricity),13,0.6410772626931567,0.6405268012441167,0.6416277241421967,0.014316771030426025,0.447448654721365,1.0
Natural (Electricity),14,0.6327593818984549,0.6321595477439436,0.6333592160529663,0.013938734531402588,0.4367254976460853,1.0
Natural (Electricity),15,0.7241501103752759,0.7235411179177562,0.7247591028327955,0.008804969787597657,0.41103157070012025,1.0
Natural (Electricity),16,0.726887417218543,0.725706349544748,0.728068484892338,0.004262259006500244,0.37639817859506614,1.0
Natural (Electricity),17,0.6841501103752757,0.682227183613082,0.6860730371374695,0.1653912878036499,0.40104105425039704,1.0
Natural (Electricity),18,0.7915584988962475,0.7891914943197499,0.7939255034727452,0.038452858924865725,0.3777646955271695,0.0
Natural (Electricity),19,0.7680105401844532,0.7660832843495476,0.7699377960193589,0.007382757663726806,0.3499836592470515,0.0
